URL,Name,Height,Weight,Reach,Stance,DOB
http://ufcstats.com/fighter-details/1c23ec2f1b71be40,Iwo Baraniewski,"6' 0""",205 lbs.,"73""",Orthodox,"Nov 20, 1998"
http://ufcstats.com/fighter-details/ab2a4b5e04dc5fe9,Alvin Hines,"6' 2""",265 lbs.,"74""",Orthodox,"Oct 20, 1991"
http://ufcstats.com/fighter-details/05339613bf8e9808,Rob Font,"5' 8""",135 lbs.,"71""",Orthodox,"Jun 25, 1987"
http://ufcstats.com/fighter-details/41e83a89929d1327,Jailton Almeida,"6' 3""",237 lbs.,"79""",Orthodox,"Jun 26, 1991"
http://ufcstats.com/fighter-details/351c4ec637380ad5,Karol Rosa,"5' 5""",135 lbs.,"67""",Orthodox,"Dec 30, 1994"
http://ufcstats.com/fighter-details/d802174b0c0c1f4e,Magomed Ankalaev,"6' 3""",205 lbs.,"75""",Orthodox,"Jun 02, 1992"
http://ufcstats.com/fighter-details/523fa774700d7d3f,Court McGee,"5' 11""",170 lbs.,"75""",Orthodox,"Dec 12, 1984"
http://ufcstats.com/fighter-details/81d2c551886bd5a1,Alice Pereira,"5' 8""",135 lbs.,"71""",Orthodox,"Dec 20, 2005"
http://ufcstats.com/fighter-details/853eb0dd5c0e2149,Kai Kara-France,"5' 4""",125 lbs.,"69""",Orthodox,"Mar 26, 1993"
http://ufcstats.com/fighter-details/06626b6287e1ae1e,Chris Padilla,"5' 9""",155 lbs.,"74""",Orthodox,"Sep 14, 1995"
http://ufcstats.com/fighter-details/0c25d0a5e8cdbf19,Lukasz Brzeski,"6' 3""",236 lbs.,"78""",Orthodox,"May 17, 1992"
http://ufcstats.com/fighter-details/d8c811df0386d5e8,Rinya Nakamura,"5' 7""",135 lbs.,"68""",Southpaw,"Mar 23, 1995"
http://ufcstats.com/fighter-details/22e07d3da1aa3475,Andrey Pulyaev,"6' 4""",185 lbs.,"78""",Southpaw,"Sep 10, 1997"
http://ufcstats.com/fighter-details/8adcbd525fab8d9b,Elizeu Zaleski dos Santos,"5' 11""",170 lbs.,"73""",Orthodox,"Dec 11, 1986"
http://ufcstats.com/fighter-details/fba03cd6cc28dc41,Josh Emmett,"5' 6""",145 lbs.,"70""",Orthodox,"Mar 04, 1985"
http://ufcstats.com/fighter-details/ef5dcb10d2bd4b0f,Bogdan Guskov,"6' 3""",205 lbs.,"76""",Orthodox,"Sep 12, 1992"
http://ufcstats.com/fighter-details/64facb6cc564262d,Punahele Soriano,"5' 11""",170 lbs.,"72""",Southpaw,"Nov 22, 1992"
http://ufcstats.com/fighter-details/e2f6b2769aaedd6c,Serghei Spivac,"6' 3""",260 lbs.,"78""",Orthodox,"Jan 24, 1995"
http://ufcstats.com/fighter-details/4333a8e70a672eb7,Brogan Walker,"5' 4""",125 lbs.,"67""",Switch,"Aug 02, 1988"
http://ufcstats.com/fighter-details/e0c6edcb5b5d0b90,Chepe Mariscal,"5' 7""",145 lbs.,"69""",Orthodox,"Oct 27, 1992"
http://ufcstats.com/fighter-details/d1c65d2cf2925ddd,Gregory Rodrigues,"6' 3""",185 lbs.,"75""",Orthodox,"Feb 17, 1992"
http://ufcstats.com/fighter-details/7674b836ce0698a0,Yousri Belgaroui,"6' 6""",185 lbs.,"79""",Orthodox,"Jun 02, 1992"
http://ufcstats.com/fighter-details/17923f676f100e16,Tallison Teixeira,"6' 7""",258 lbs.,"83""",Orthodox,"Dec 07, 1999"
http://ufcstats.com/fighter-details/519e4fe37ce9ff75,Drew Dober,"5' 8""",155 lbs.,"70""",Southpaw,"Oct 19, 1988"
http://ufcstats.com/fighter-details/040a74bb0a465c54,Arnold Allen,"5' 8""",145 lbs.,"70""",Southpaw,"Jan 22, 1994"
http://ufcstats.com/fighter-details/a78a87d8c2bbb1cb,Julija Stoliarenko,"5' 7""",125 lbs.,"66""",Orthodox,"Apr 08, 1993"
http://ufcstats.com/fighter-details/0845c81e37d3bcb3,Volkan Oezdemir,"6' 2""",205 lbs.,"75""",Orthodox,"Sep 19, 1989"
http://ufcstats.com/fighter-details/fd406a32a6fb3a29,Chris Duncan,"5' 10""",155 lbs.,"71""",Orthodox,"May 10, 1993"
http://ufcstats.com/fighter-details/f9ab66e67240db7b,Joselyne Edwards,"5' 8""",135 lbs.,"70""",Orthodox,"Sep 29, 1995"
http://ufcstats.com/fighter-details/7ee0fd831c0fe7c3,Carlos Prates,"6' 1""",170 lbs.,"78""",Switch,"Aug 17, 1993"
http://ufcstats.com/fighter-details/32feae6d9a1e5047,Quang Le,"5' 7""",135 lbs.,"70""",Orthodox,"Oct 18, 1991"
http://ufcstats.com/fighter-details/681399317dbf4701,Uros Medic,"6' 1""",170 lbs.,"71""",Southpaw,"Apr 25, 1993"
http://ufcstats.com/fighter-details/2e7878927067fdca,Manuel Torres,"5' 10""",155 lbs.,"73""",Switch,"Mar 25, 1995"
http://ufcstats.com/fighter-details/1e719d4b676dc19a,Brunno Ferreira,"5' 10""",185 lbs.,"72""",Orthodox,"Nov 04, 1992"
http://ufcstats.com/fighter-details/7498b3ac79a3b948,Taiyilake Nueraji,"6' 2""",170 lbs.,"75""",Southpaw,"Jan 12, 2001"
http://ufcstats.com/fighter-details/9e8f6c728eb01124,Justin Gaethje,"5' 11""",155 lbs.,"70""",Orthodox,"Nov 14, 1988"
http://ufcstats.com/fighter-details/baa9be02c3e3e038,Jose Daniel Medina,"6' 0""",185 lbs.,"74""",Orthodox,"May 17, 1991"
http://ufcstats.com/fighter-details/ca28cdf526d6b6e9,Nurullo Aliev,"5' 10""",155 lbs.,"72""",Orthodox,"Dec 08, 2000"
http://ufcstats.com/fighter-details/cc1a8b4b38b92c6d,Montel Jackson,"5' 10""",135 lbs.,"75""",Southpaw,"Apr 24, 1992"
http://ufcstats.com/fighter-details/ae81a3ac7b260411,Tofiq Musayev,"5' 9""",155 lbs.,"69""",Orthodox,"Dec 15, 1989"
http://ufcstats.com/fighter-details/e803242fb2e41112,Islam Dulatov,"6' 3""",170 lbs.,"75""",Orthodox,"Aug 02, 1998"
http://ufcstats.com/fighter-details/92aed9d16794f42b,Robert Ruchala,"5' 8""",145 lbs.,"72""",Switch,"May 15, 1998"
http://ufcstats.com/fighter-details/095854a135e6db55,Marcus Buchecha,"6' 2""",255 lbs.,"77""",Orthodox,"Jan 08, 1990"
http://ufcstats.com/fighter-details/beecb672a279223e,Amanda Ribas,"5' 4""",115 lbs.,"66""",Orthodox,"Aug 26, 1993"
http://ufcstats.com/fighter-details/3753714927f18437,Mohammad Yahya,"5' 9""",145 lbs.,"73""",Switch,"May 23, 1994"
http://ufcstats.com/fighter-details/1091d4d957141094,Nikita Krylov,"6' 3""",205 lbs.,"77""",Orthodox,"Mar 07, 1992"
http://ufcstats.com/fighter-details/d7c3816669784109,Karolina Kowalkiewicz,"5' 3""",115 lbs.,"64""",Orthodox,"Oct 15, 1985"
http://ufcstats.com/fighter-details/5987b2458f4b5290,Ricky Simon,"5' 6""",135 lbs.,"69""",Orthodox,"Aug 31, 1992"
http://ufcstats.com/fighter-details/5d1b7e3dd9e11074,Manel Kape,"5' 5""",125 lbs.,"68""",Southpaw,"Nov 14, 1993"
http://ufcstats.com/fighter-details/19c591115a58982c,Viacheslav Borshchev,"5' 11""",155 lbs.,"69""",Orthodox,"Jan 08, 1992"
http://ufcstats.com/fighter-details/52c2ae6d2f2d2613,Youssef Zalal,"5' 10""",145 lbs.,"72""",Switch,"Sep 04, 1996"
http://ufcstats.com/fighter-details/cc8c623cca88f54f,Mayra Bueno Silva,"5' 6""",135 lbs.,"66""",Orthodox,"Aug 22, 1991"
http://ufcstats.com/fighter-details/60425d07ef4b91a7,Kyler Phillips,"5' 8""",135 lbs.,"72""",Orthodox,"Jun 12, 1995"
http://ufcstats.com/fighter-details/450bcab0968562c4,John Yannis,"5' 7""",145 lbs.,"70""",Southpaw,"Jul 07, 1994"
http://ufcstats.com/fighter-details/99bd51917728c25d,Grant Dawson,"5' 10""",155 lbs.,"72""",Switch,"Feb 20, 1994"
http://ufcstats.com/fighter-details/cd3d7e37ff2d679c,Ricky Turcios,"5' 9""",135 lbs.,"71""",Orthodox,"Jun 05, 1993"
http://ufcstats.com/fighter-details/c9cf753cfdf77fc2,Marcin Tybura,"6' 3""",246 lbs.,"78""",Orthodox,"Nov 09, 1985"
http://ufcstats.com/fighter-details/07bc580bdf3eb9c8,Lance Gibson Jr.,"5' 9""",155 lbs.,"72""",,"Feb 02, 1995"
http://ufcstats.com/fighter-details/9d62c2d8ee151f08,Karine Silva,"5' 5""",125 lbs.,"67""",Orthodox,"Dec 02, 1993"
http://ufcstats.com/fighter-details/4798e823ada58fe9,Veronica Hardy,"5' 4""",125 lbs.,"64""",Southpaw,"Oct 30, 1995"
http://ufcstats.com/fighter-details/8f765fd5775a8873,Rinat Fakhretdinov,"6' 0""",170 lbs.,"74""",Orthodox,"Sep 28, 1991"
http://ufcstats.com/fighter-details/009341ed974bad72,Jiri Prochazka,"6' 3""",205 lbs.,"80""",Orthodox,"Oct 14, 1992"
http://ufcstats.com/fighter-details/24656ef4d605c96f,Aiemann Zahabi,"5' 8""",135 lbs.,"68""",Orthodox,"Nov 19, 1987"
http://ufcstats.com/fighter-details/b9437600497350f3,Joaquin Buckley,"5' 10""",170 lbs.,"76""",Southpaw,"Apr 27, 1994"
http://ufcstats.com/fighter-details/595db60957de51d3,Michel Pereira,"6' 1""",185 lbs.,"73""",Orthodox,"Oct 06, 1993"
http://ufcstats.com/fighter-details/260e9e0d4954aea6,Rodolfo Vieira,"6' 0""",185 lbs.,"73""",Orthodox,"Sep 25, 1989"
http://ufcstats.com/fighter-details/be9bdec19b7e9ffe,Austen Lane,"6' 6""",245 lbs.,"80""",Orthodox,"Nov 09, 1987"
http://ufcstats.com/fighter-details/31ef8b67e13495b3,Tecia Pennington,"5' 1""",115 lbs.,"60""",Orthodox,"Aug 16, 1989"
http://ufcstats.com/fighter-details/a57cb948c4c70a47,Isaac Dulgarian,"5' 7""",145 lbs.,"71""",Orthodox,"Jul 04, 1996"
http://ufcstats.com/fighter-details/8e382b585a92affe,Phil Rowe,"6' 3""",170 lbs.,"80""",Orthodox,"Jul 18, 1990"
http://ufcstats.com/fighter-details/d25240135aee03e5,Tabatha Ricci,"5' 1""",115 lbs.,"61""",Orthodox,"Feb 21, 1995"
http://ufcstats.com/fighter-details/ffd3224638c01b57,Jean Matsumoto,"5' 6""",135 lbs.,"68""",Orthodox,"Sep 09, 1999"
http://ufcstats.com/fighter-details/6551c64fbcd1a467,Ariane da Silva,"5' 6""",125 lbs.,"67""",Orthodox,"Jan 26, 1994"
http://ufcstats.com/fighter-details/5078e1dacf9d25f4,Luana Santos,"5' 6""",135 lbs.,"67""",Orthodox,"Apr 16, 2000"
http://ufcstats.com/fighter-details/3eeec2f53cebdf12,Jackson McVey,"6' 4""",185 lbs.,"77""",Southpaw,"Mar 25, 1999"
http://ufcstats.com/fighter-details/d66a46de8d705353,Jeremiah Wells,"5' 9""",170 lbs.,"74""",Switch,"Oct 30, 1986"
http://ufcstats.com/fighter-details/148bb103cfbf123e,Toshiomi Kazama,"5' 7""",135 lbs.,"69""",Orthodox,"May 15, 1997"
http://ufcstats.com/fighter-details/72ea1984c52019b5,Saimon Oliveira,"5' 4""",135 lbs.,"72""",Orthodox,"Apr 21, 1991"
http://ufcstats.com/fighter-details/0d7b51c9d2649a6e,Dricus Du Plessis,"6' 1""",185 lbs.,"76""",Switch,"Jan 14, 1994"
http://ufcstats.com/fighter-details/6add18754930182b,Julius Walker,"6' 4""",205 lbs.,"78""",Orthodox,"Jul 16, 1999"
http://ufcstats.com/fighter-details/0f1efce7d2571d10,Nikolay Veretennikov,"6' 1""",170 lbs.,"74""",Orthodox,"Dec 22, 1989"
http://ufcstats.com/fighter-details/084532da3d25f3b8,Cezary Oleksiejczuk,"6' 3""",185 lbs.,"75""",Southpaw,"Jan 06, 2000"
http://ufcstats.com/fighter-details/4729c93ba705a3bf,Kiefer Crosbie,"5' 11""",170 lbs.,"70""",Switch,"Apr 05, 1990"
http://ufcstats.com/fighter-details/20bccc9bb4ceb23e,Melquizael Costa,"5' 10""",145 lbs.,"71""",Southpaw,"Sep 14, 1996"
http://ufcstats.com/fighter-details/7a5e8c94a86f9895,Chris Barnett,"5' 9""",261 lbs.,"75""",Orthodox,"Jun 14, 1986"
http://ufcstats.com/fighter-details/3329d692aea4dc28,Hamdy Abdelwahab,"6' 2""",265 lbs.,"72""",Southpaw,"Jan 22, 1993"
http://ufcstats.com/fighter-details/5ec591b78349ba7e,Christian Rodriguez,"5' 7""",145 lbs.,"71""",Orthodox,"Dec 17, 1997"
http://ufcstats.com/fighter-details/b6452706b373eea1,Renato Moicano,"5' 11""",155 lbs.,"72""",Orthodox,"May 21, 1989"
http://ufcstats.com/fighter-details/9560ff14eb3129f7,Giga Chikadze,"6' 0""",145 lbs.,"74""",Orthodox,"Aug 25, 1988"
http://ufcstats.com/fighter-details/132deb59abae64b1,Valentina Shevchenko,"5' 5""",125 lbs.,"66""",Southpaw,"Mar 07, 1988"
http://ufcstats.com/fighter-details/275aca31f61ba28c,Islam Makhachev,"5' 10""",170 lbs.,"70""",Southpaw,"Oct 27, 1991"
http://ufcstats.com/fighter-details/d747eb273a40a920,Claudio Puelles,"5' 10""",155 lbs.,"72""",Southpaw,"Apr 21, 1996"
http://ufcstats.com/fighter-details/fa6796c55d6c5440,Curtis Blaydes,"6' 4""",265 lbs.,"80""",Orthodox,"Feb 18, 1991"
http://ufcstats.com/fighter-details/c06d6b18862f9a53,Rodrigo Sezinando,"5' 9""",170 lbs.,"71""",Orthodox,"Dec 11, 1997"
http://ufcstats.com/fighter-details/e1d40e8782d80bc2,William Gomis,"6' 0""",145 lbs.,"73""",Southpaw,"Jun 13, 1997"
http://ufcstats.com/fighter-details/841695e02c99a521,Mansur Abdul-Malik,"6' 2""",185 lbs.,"80""",Orthodox,"Oct 07, 1997"
http://ufcstats.com/fighter-details/886264a0c9f4ea5e,Andre Muniz,"6' 1""",185 lbs.,"78""",Southpaw,"Feb 17, 1990"
http://ufcstats.com/fighter-details/c03520b5c88ed6b4,Merab Dvalishvili,"5' 6""",135 lbs.,"68""",Orthodox,"Jan 10, 1991"
http://ufcstats.com/fighter-details/4948e412fa6ab67d,Ravena Oliveira,"5' 5""",115 lbs.,"65""",Orthodox,"Feb 20, 1997"
http://ufcstats.com/fighter-details/35673bf5204524ee,Bo Nickal,"6' 1""",185 lbs.,"76""",Southpaw,"Jan 14, 1996"
http://ufcstats.com/fighter-details/3d074044a33825e7,Ramiz Brahimaj,"5' 10""",170 lbs.,"72""",Orthodox,"Nov 17, 1992"
http://ufcstats.com/fighter-details/d3f89fa685bd8420,Austin Bashi,"5' 6""",145 lbs.,"70""",Orthodox,"Sep 29, 2001"
http://ufcstats.com/fighter-details/e1147d3d2dabe1ce,Robert Whittaker,"6' 0""",185 lbs.,"73""",Orthodox,"Dec 20, 1990"
http://ufcstats.com/fighter-details/ae7fe94f117f98cf,Joaquim Silva,"5' 8""",155 lbs.,"69""",Southpaw,"Feb 05, 1989"
http://ufcstats.com/fighter-details/f53d4f21d1b5f2dc,Diego Ferreira,"5' 9""",155 lbs.,"74""",Orthodox,"Jan 18, 1985"
http://ufcstats.com/fighter-details/814e5233e2acf2ee,Charles Johnson,"5' 9""",125 lbs.,"70""",Switch,"Jan 10, 1991"
http://ufcstats.com/fighter-details/528b071cf3da7c56,Luana Carolina,"5' 6""",135 lbs.,"69""",Orthodox,"Jun 11, 1993"
http://ufcstats.com/fighter-details/e3964ece586e0635,Jacqueline Cavalcanti,"5' 8""",135 lbs.,"70""",Orthodox,"Aug 29, 1997"
http://ufcstats.com/fighter-details/d5bab53a1a603aac,Ryan Loder,"6' 2""",185 lbs.,"76""",Southpaw,"Jun 05, 1991"
http://ufcstats.com/fighter-details/5c637af9472ae7cc,Jamey-Lyn Horth,"5' 7""",125 lbs.,"66""",Orthodox,"Mar 30, 1990"
http://ufcstats.com/fighter-details/7826923b47f8d72a,Paddy Pimblett,"5' 10""",155 lbs.,"73""",Orthodox,"Jan 03, 1995"
http://ufcstats.com/fighter-details/f139d6836efd43dd,Yaroslav Amosov,"6' 0""",170 lbs.,"75""",Orthodox,"Sep 09, 1993"
http://ufcstats.com/fighter-details/3253b16d38ae087d,Julianna Pena,"5' 6""",135 lbs.,"69""",Orthodox,"Aug 19, 1989"
http://ufcstats.com/fighter-details/09a4447655fd4b7b,Rafael Cerqueira,"6' 3""",205 lbs.,"76""",Southpaw,"Mar 15, 1990"
http://ufcstats.com/fighter-details/583ee11abddfc581,Nate Landwehr,"5' 9""",145 lbs.,"72""",Orthodox,"Jun 06, 1988"
http://ufcstats.com/fighter-details/efb96bf3e9ada36f,Song Yadong,"5' 8""",135 lbs.,"67""",Orthodox,"Dec 02, 1997"
http://ufcstats.com/fighter-details/d8da10db80131bec,Niko Price,"6' 0""",170 lbs.,"76""",Orthodox,"Sep 29, 1989"
http://ufcstats.com/fighter-details/f2b3f4ef3f780168,Nora Cornolle,"5' 7""",135 lbs.,"67""",Orthodox,"Dec 06, 1989"
http://ufcstats.com/fighter-details/c15fa95b9a12fde4,Junior Tafa,"6' 3""",205 lbs.,"75""",Orthodox,"Sep 21, 1996"
http://ufcstats.com/fighter-details/2bd98ab77a8daa75,Stewart Nicoll,"5' 5""",125 lbs.,"65""",Orthodox,"Apr 11, 1996"
http://ufcstats.com/fighter-details/333b9e5c723ac873,Aleksandar Rakic,"6' 4""",205 lbs.,"78""",Orthodox,"Feb 06, 1992"
http://ufcstats.com/fighter-details/48a9a128784d53d1,Elves Brener,"5' 10""",155 lbs.,"72""",Orthodox,"Sep 27, 1997"
http://ufcstats.com/fighter-details/2558ae2e5671e318,Khaos Williams,"6' 0""",170 lbs.,"77""",Orthodox,"Mar 30, 1994"
http://ufcstats.com/fighter-details/239d8e5359022f3b,Kevin Vallejos,"5' 7""",145 lbs.,"68""",Switch,"Dec 08, 2001"
http://ufcstats.com/fighter-details/71505842fb6455c3,Dustin Stoltzfus,"6' 0""",185 lbs.,"75""",Orthodox,"Nov 15, 1991"
http://ufcstats.com/fighter-details/c0d5c0c95c59050b,Ariane Carnelossi,"5' 2""",115 lbs.,"61""",Orthodox,"Nov 17, 1992"
http://ufcstats.com/fighter-details/69037fc7730e4225,Steven Nguyen,"5' 11""",145 lbs.,"73""",Switch,"May 19, 1993"
http://ufcstats.com/fighter-details/bd532e9a2b93870c,Melissa Mullins,"5' 7""",135 lbs.,"68""",Orthodox,"Jul 23, 1991"
http://ufcstats.com/fighter-details/6a96ad1bc34fb113,Ismail Naurdiev,"5' 10""",185 lbs.,"74""",Orthodox,"Aug 18, 1996"
http://ufcstats.com/fighter-details/b39f7a6c2be17ee8,Charlie Campbell,"6' 0""",155 lbs.,"72""",Orthodox,"Jul 03, 1995"
http://ufcstats.com/fighter-details/5c84f673b7bb7c15,Cameron Smotherman,"5' 9""",135 lbs.,"69""",Orthodox,"Sep 17, 1997"
http://ufcstats.com/fighter-details/c814b4c899793af6,Rafael Fiziev,"5' 8""",155 lbs.,"71""",Switch,"Mar 05, 1993"
http://ufcstats.com/fighter-details/476fe566d2df676e,Modestas Bukauskas,"6' 3""",205 lbs.,"76""",Switch,"Feb 10, 1994"
http://ufcstats.com/fighter-details/47b63240018d5d86,Rose Namajunas,"5' 5""",125 lbs.,"65""",Orthodox,"Jun 29, 1992"
http://ufcstats.com/fighter-details/ac0874309da489b9,Marek Bujlo,"6' 4""",265 lbs.,"77""",Orthodox,"Oct 10, 1992"
http://ufcstats.com/fighter-details/6a740daf1b279661,Maycee Barber,"5' 5""",125 lbs.,"65""",Switch,"May 18, 1998"
http://ufcstats.com/fighter-details/563a1d42bb0e3cef,Tre'ston Vines,"6' 1""",185 lbs.,"79""",Orthodox,"Jun 18, 1996"
http://ufcstats.com/fighter-details/f5779a2303ed76ec,Valter Walker,"6' 6""",244 lbs.,"78""",Orthodox,"Dec 14, 1997"
http://ufcstats.com/fighter-details/955da1675ad58a50,Josh Hokit,"6' 1""",236 lbs.,"73""",Orthodox,"Nov 12, 1997"
http://ufcstats.com/fighter-details/809bd1a871491508,Terrance McKinney,"5' 10""",155 lbs.,"73""",Switch,"Sep 15, 1994"
http://ufcstats.com/fighter-details/ffe9703408fb5964,David Onama,"5' 11""",145 lbs.,"74""",Orthodox,"Jun 07, 1994"
http://ufcstats.com/fighter-details/9d83f6da776ff7d6,Roman Kopylov,"6' 0""",185 lbs.,"75""",Southpaw,"May 04, 1992"
http://ufcstats.com/fighter-details/fc0a4053eb8a3a59,Nicolle Caliari,"5' 3""",125 lbs.,"62""",Orthodox,"Nov 04, 1996"
http://ufcstats.com/fighter-details/abb68e3c7ca128f2,Julia Polastri,"5' 2""",115 lbs.,"64""",Orthodox,"Mar 05, 1998"
http://ufcstats.com/fighter-details/72f890c5d421e705,Matheus Camilo,"5' 10""",155 lbs.,"69""",Orthodox,"Jan 02, 2001"
http://ufcstats.com/fighter-details/001eb2ab0f30e7ea,Mark Choinski,"5' 8""",155 lbs.,"69""",Orthodox,"Oct 22, 1995"
http://ufcstats.com/fighter-details/f748267c4ab6c127,Rhys McKee,"6' 2""",170 lbs.,"78""",Orthodox,"Sep 10, 1995"
http://ufcstats.com/fighter-details/0a1942069c9ad6b6,Jack Hermansson,"6' 1""",170 lbs.,"77""",Orthodox,"Jun 10, 1988"
http://ufcstats.com/fighter-details/29162be25ebef5f0,Luis Gurule,"5' 5""",125 lbs.,"64""",Orthodox,"Nov 16, 1993"
http://ufcstats.com/fighter-details/8a65fd9ba31fd3f7,Zhang Mingyang,"6' 2""",205 lbs.,"75""",Orthodox,"Aug 16, 1998"
http://ufcstats.com/fighter-details/792be9a24df82ed6,Brandon Moreno,"5' 7""",125 lbs.,"70""",Orthodox,"Dec 07, 1993"
http://ufcstats.com/fighter-details/feedf3053472fe56,Charles Radtke,"5' 9""",170 lbs.,"72""",Orthodox,"Jul 09, 1990"
http://ufcstats.com/fighter-details/e4a47b07044ddd72,Ignacio Bahamondes,"6' 3""",155 lbs.,"75""",Orthodox,"Aug 27, 1997"
http://ufcstats.com/fighter-details/dccb63727f2f5f74,Matt Frevola,"5' 9""",155 lbs.,"71""",Orthodox,"Jun 11, 1990"
http://ufcstats.com/fighter-details/f1b2aa7853d1ed6e,Kamaru Usman,"6' 0""",170 lbs.,"76""",Switch,"May 11, 1987"
http://ufcstats.com/fighter-details/c21f26bbde777573,Johnny Walker,"6' 6""",205 lbs.,"82""",Orthodox,"Mar 30, 1992"
http://ufcstats.com/fighter-details/39d309957c5c210d,Mario Pinto,"6' 5""",265 lbs.,"79""",Orthodox,"Mar 14, 1998"
http://ufcstats.com/fighter-details/b4b496ec2197ee3e,Navajo Stirling,"6' 4""",205 lbs.,"79""",Orthodox,"Nov 07, 1997"
http://ufcstats.com/fighter-details/cdb7b38b1b357f26,Louie Sutherland,"6' 3""",264 lbs.,"76""",Orthodox,"Feb 08, 1994"
http://ufcstats.com/fighter-details/aa72b0f831d0bfe5,Deiveson Figueiredo,"5' 5""",135 lbs.,"68""",Orthodox,"Dec 18, 1987"
http://ufcstats.com/fighter-details/eae48ff31db420c2,Arman Tsarukyan,"5' 7""",155 lbs.,"72""",Orthodox,"Oct 11, 1996"
http://ufcstats.com/fighter-details/13a0275fa13c4d26,Jared Cannonier,"5' 11""",185 lbs.,"77""",Switch,"Mar 16, 1984"
http://ufcstats.com/fighter-details/193b9d1858bc4df3,Dan Hooker,"6' 0""",155 lbs.,"75""",Switch,"Feb 13, 1990"
http://ufcstats.com/fighter-details/c051c2e12d692b8a,Jesus Aguilar,"5' 4""",125 lbs.,"62""",Orthodox,"Mar 13, 1996"
http://ufcstats.com/fighter-details/46e0d677f91bacc0,Miles Johns,"5' 7""",135 lbs.,"68""",Orthodox,"Mar 30, 1994"
http://ufcstats.com/fighter-details/e132d47bd9efbbe0,Rafa Garcia,"5' 7""",155 lbs.,"70""",Orthodox,"Aug 05, 1994"
http://ufcstats.com/fighter-details/08af939f41b5a57b,Beneil Dariush,"5' 10""",155 lbs.,"72""",Southpaw,"May 06, 1989"
http://ufcstats.com/fighter-details/6d68c1afe954f121,Ode Osbourne,"5' 7""",125 lbs.,"73""",Southpaw,"Jan 09, 1992"
http://ufcstats.com/fighter-details/def8166ff24bd237,Brian Ortega,"5' 8""",155 lbs.,"69""",Switch,"Feb 21, 1991"
http://ufcstats.com/fighter-details/69898645d600abdb,Rodolfo Bellato,"6' 3""",205 lbs.,"75""",Orthodox,"Feb 05, 1996"
http://ufcstats.com/fighter-details/eff9074bc066f0f2,Bia Mesquita,"5' 4""",135 lbs.,"67""",Orthodox,"Apr 07, 1991"
http://ufcstats.com/fighter-details/36b8f265bcd1b7a4,Abus Magomedov,"6' 2""",185 lbs.,"78""",Orthodox,"Sep 02, 1990"
http://ufcstats.com/fighter-details/fb37795db81f93f3,Bogdan Grad,"5' 8""",145 lbs.,"70""",Orthodox,"Sep 28, 1995"
http://ufcstats.com/fighter-details/ec13c393d029297d,Kaue Fernandes,"5' 9""",155 lbs.,"73""",Orthodox,"Mar 17, 1995"
http://ufcstats.com/fighter-details/f1d64ae34e088832,Charles Jourdain,"5' 9""",135 lbs.,"69""",Switch,"Nov 27, 1995"
http://ufcstats.com/fighter-details/28d421729451c8ca,Carlos Leal,"5' 11""",170 lbs.,"74""",Orthodox,"May 04, 1994"
http://ufcstats.com/fighter-details/6902fcf0610dd303,Jakub Wiklacz,"5' 10""",135 lbs.,"72""",Orthodox,"Sep 10, 1996"
http://ufcstats.com/fighter-details/64d47ef881a437a4,Cesar Almeida,"6' 1""",185 lbs.,"74""",Orthodox,"Mar 28, 1988"
http://ufcstats.com/fighter-details/98a58c26c5b1ed17,Patricio Freire,"5' 6""",145 lbs.,"67""",Orthodox,"Jul 07, 1987"
http://ufcstats.com/fighter-details/1235b31de15d0c6e,Montserrat Conejo Ruiz,"5' 0""",115 lbs.,"61""",Southpaw,"Feb 03, 1993"
http://ufcstats.com/fighter-details/5b86d491d63890c5,Ludovit Klein,"5' 7""",155 lbs.,"72""",Southpaw,"Feb 22, 1995"
http://ufcstats.com/fighter-details/25f9a5f3e8a52618,Jhonata Diniz,"6' 4""",254 lbs.,"79""",Orthodox,"Jun 23, 1991"
http://ufcstats.com/fighter-details/5537efc6e496dd84,Aaron Pico,"5' 8""",145 lbs.,"70""",Orthodox,"Sep 23, 1996"
http://ufcstats.com/fighter-details/9508cc6184cb2450,Eric McConico,"6' 0""",185 lbs.,"77""",Southpaw,"May 09, 1990"
http://ufcstats.com/fighter-details/b1de86d835638319,Luke Riley,"5' 9""",145 lbs.,"69""",Orthodox,"Jun 30, 1999"
http://ufcstats.com/fighter-details/97cf1a2c7c5e7889,Steve Garcia,"6' 0""",145 lbs.,"75""",Southpaw,"May 22, 1992"
http://ufcstats.com/fighter-details/7478b7f959ba61f5,Elijah Smith,"5' 9""",135 lbs.,"71""",Orthodox,"Sep 05, 2002"
http://ufcstats.com/fighter-details/31f8081c7600da93,Kyle Nelson,"5' 11""",155 lbs.,"71""",Switch,"Apr 20, 1991"
http://ufcstats.com/fighter-details/6e743a33d56bdaa4,Payton Talbott,"5' 10""",135 lbs.,"70""",Switch,"Sep 09, 1998"
http://ufcstats.com/fighter-details/27b388f0aab49780,Dione Barbosa,"5' 6""",125 lbs.,"66""",Orthodox,"May 08, 1992"
http://ufcstats.com/fighter-details/0e46690e55a8df75,Timmy Cuamba,"5' 9""",135 lbs.,"71""",Orthodox,"Feb 08, 1999"
http://ufcstats.com/fighter-details/ab2b4ff41d6ebe0f,Alex Perez,"5' 6""",125 lbs.,"65""",Orthodox,"Mar 21, 1992"
http://ufcstats.com/fighter-details/3cf18e01cb6cbde3,Sumudaerji,"5' 8""",125 lbs.,"72""",Southpaw,"Jan 20, 1996"
http://ufcstats.com/fighter-details/6b453bc35a823c3f,Jack Della Maddalena,"5' 11""",170 lbs.,"73""",Switch,"Sep 10, 1996"
http://ufcstats.com/fighter-details/9c442aaf149ea982,Shauna Bannon,"5' 5""",115 lbs.,"65""",Switch,"Oct 23, 1993"
http://ufcstats.com/fighter-details/2e45d08b3f2f02c8,Malcolm Wellmaker,"5' 10""",135 lbs.,"71""",Switch,"Jun 04, 1994"
http://ufcstats.com/fighter-details/b9706f80d005036c,Ketlen Vieira,"5' 8""",135 lbs.,"68""",Orthodox,"Aug 26, 1991"
http://ufcstats.com/fighter-details/b62d5280966b2460,Clayton Carpenter,"5' 6""",125 lbs.,"66""",Orthodox,"Jun 09, 1996"
http://ufcstats.com/fighter-details/0fd5f4b838e890cc,Said Nurmagomedov,"5' 8""",135 lbs.,"70""",Orthodox,"Apr 05, 1992"
http://ufcstats.com/fighter-details/c58f51dedb310998,Michael Chiesa,"6' 1""",170 lbs.,"75""",Southpaw,"Dec 07, 1987"
http://ufcstats.com/fighter-details/95aff2fd8d09a5f0,Abdul Rakhman Yakhyaev,"6' 2""",205 lbs.,"78""",Orthodox,"Jan 03, 2001"
http://ufcstats.com/fighter-details/b08012bbe542592a,Tatiana Suarez,"5' 5""",115 lbs.,"66""",Southpaw,"Dec 19, 1990"
http://ufcstats.com/fighter-details/31dbfbe4e7a6727c,Trey Waters,"6' 5""",170 lbs.,"77""",Orthodox,"Feb 21, 1995"
http://ufcstats.com/fighter-details/a474aade8eb3a8f0,SuYoung You,"5' 6""",135 lbs.,"65""",Orthodox,"Dec 11, 1995"
http://ufcstats.com/fighter-details/e0d3d9b564f95635,Lucas Rocha,"5' 3""",125 lbs.,"64""",Orthodox,"Aug 12, 2000"
http://ufcstats.com/fighter-details/6e8f1bcdda94ff45,Ibo Aslan,"6' 3""",205 lbs.,"77""",Orthodox,"Apr 23, 1996"
http://ufcstats.com/fighter-details/70380ccdc81915b8,Yadier del Valle,"5' 9""",145 lbs.,"69""",Southpaw,"Jul 29, 1996"
http://ufcstats.com/fighter-details/07047eb7d17fb0a2,Daria Zhelezniakova,"5' 9""",135 lbs.,"68""",Orthodox,"Jan 23, 1996"
http://ufcstats.com/fighter-details/8a1f3b5c526cd6e6,Daniel Rodriguez,"6' 1""",170 lbs.,"74""",Southpaw,"Dec 31, 1986"
http://ufcstats.com/fighter-details/4d8fa64202cee4c1,Jalin Turner,"6' 3""",155 lbs.,"77""",Southpaw,"May 18, 1995"
http://ufcstats.com/fighter-details/b997be68943010fc,Geoff Neal,"5' 11""",170 lbs.,"75""",Southpaw,"Aug 28, 1990"
http://ufcstats.com/fighter-details/86bace9e4ad85542,Xiao Long,"5' 8""",135 lbs.,"70""",Orthodox,"Apr 13, 1998"
http://ufcstats.com/fighter-details/2caf993f53541fa1,Andreas Gustafsson,"6' 1""",170 lbs.,"73""",Orthodox,"Feb 20, 1991"
http://ufcstats.com/fighter-details/700a674c042b7a96,Cody Gibson,"5' 10""",135 lbs.,"71""",Orthodox,"Sep 11, 1987"
http://ufcstats.com/fighter-details/34b96d52db1d26e6,Kevin Borjas,"5' 5""",125 lbs.,"68""",Orthodox,"Dec 06, 1997"
http://ufcstats.com/fighter-details/a0f0004aadf10b71,Alexandre Pantoja,"5' 5""",125 lbs.,"67""",Orthodox,"Apr 16, 1990"
http://ufcstats.com/fighter-details/17734443a833cdf7,Quillan Salkilld,"6' 0""",155 lbs.,"75""",Orthodox,"Dec 28, 1999"
http://ufcstats.com/fighter-details/7eaa5e31c2dd86aa,Nick Klein,"6' 1""",185 lbs.,"77""",Orthodox,"Sep 08, 1995"
http://ufcstats.com/fighter-details/ad5cb64af10fc946,Donte Johnson,"5' 8""",185 lbs.,"74""",Southpaw,"Jan 25, 1999"
http://ufcstats.com/fighter-details/40a456a25d52ee65,Rolando Bedoya,"5' 11""",155 lbs.,"74""",Orthodox,"Jan 13, 1997"
http://ufcstats.com/fighter-details/971246648e162f0d,Chase Hooper,"6' 1""",155 lbs.,"74""",Southpaw,"Sep 13, 1999"
http://ufcstats.com/fighter-details/b8bbdeff718dbb7d,Pat Sabatini,"5' 8""",145 lbs.,"70""",Orthodox,"Nov 09, 1990"
http://ufcstats.com/fighter-details/70dd69b6a703257e,Daniil Donchenko,"5' 11""",170 lbs.,"71""",Orthodox,"Aug 04, 2001"
http://ufcstats.com/fighter-details/34ff304266360297,Manon Fiorot,"5' 7""",125 lbs.,"65""",Orthodox,"Feb 17, 1990"
http://ufcstats.com/fighter-details/01641ba5df0c69b0,Gabriel Bonfim,"6' 1""",170 lbs.,"72""",Orthodox,"Aug 20, 1997"
http://ufcstats.com/fighter-details/2c483cf443f38ece,Vanessa Demopoulos,"5' 2""",125 lbs.,"59""",Orthodox,"Sep 22, 1988"
http://ufcstats.com/fighter-details/442c9011034ae1fd,Ian Machado Garry,"6' 3""",170 lbs.,"74""",Orthodox,"Nov 17, 1997"
http://ufcstats.com/fighter-details/b1e5bcaad32a3cac,Priscila Cachoeira,"5' 7""",135 lbs.,"65""",Orthodox,"Aug 19, 1988"
http://ufcstats.com/fighter-details/45f0cc9d18f35137,Chris Gutierrez,"5' 9""",135 lbs.,"67""",Orthodox,"Apr 22, 1991"
http://ufcstats.com/fighter-details/88be62d6c1e6dadb,Jose Ochoa,"5' 7""",125 lbs.,"67""",Southpaw,"Dec 31, 2000"
http://ufcstats.com/fighter-details/c32aeb1a59e6272d,Michael Morales,"6' 0""",170 lbs.,"79""",Orthodox,"Jun 24, 1999"
http://ufcstats.com/fighter-details/6c3b2525436cf5d4,Tom Nolan,"6' 3""",155 lbs.,"73""",Southpaw,"Mar 08, 2000"
http://ufcstats.com/fighter-details/279566840aa55bf2,Alexander Volkov,"6' 7""",261 lbs.,"80""",Orthodox,"Oct 24, 1988"
http://ufcstats.com/fighter-details/4bdedbdeedff7d1d,Bolaji Oki,"5' 10""",155 lbs.,"73""",Orthodox,"Nov 15, 1995"
http://ufcstats.com/fighter-details/a9da3158dd2c2b5a,Jack Jenkins,"5' 7""",145 lbs.,"68""",Switch,"Nov 03, 1993"
http://ufcstats.com/fighter-details/3e8118c1ab52f211,Tuco Tokkos,"6' 4""",205 lbs.,"76""",Orthodox,"Jun 30, 1990"
http://ufcstats.com/fighter-details/faf317c665546a36,Santiago Luna,"5' 9""",135 lbs.,"74""",Orthodox,"Aug 06, 2004"
http://ufcstats.com/fighter-details/64ad3e3b0efa30bb,Ivan Erslan,"6' 2""",205 lbs.,"72""",Orthodox,"Nov 15, 1991"
http://ufcstats.com/fighter-details/53c10176e3bc7416,Felipe Bunes,"5' 7""",125 lbs.,"69""",Orthodox,"Oct 29, 1989"
http://ufcstats.com/fighter-details/ba15006c804a8de0,Guilherme Pat,"6' 6""",265 lbs.,"81""",Orthodox,"Apr 20, 1994"
http://ufcstats.com/fighter-details/da22387a0407a2dc,Da'Mon Blackshear,"5' 10""",135 lbs.,"72""",Switch,"Aug 12, 1994"
http://ufcstats.com/fighter-details/8c1ca54b5089d199,Maheshate,"6' 0""",155 lbs.,"71""",Orthodox,"Dec 01, 1999"
http://ufcstats.com/fighter-details/2fe9032955c2e013,Joseph Morales,"5' 6""",125 lbs.,"69""",Switch,"Aug 22, 1994"
http://ufcstats.com/fighter-details/147e70aa6cc48cfc,Tresean Gore,"6' 0""",185 lbs.,"75""",Switch,"Jun 21, 1994"
http://ufcstats.com/fighter-details/6370c1c1e12723d5,Marcin Prachnio,"6' 3""",205 lbs.,"73""",Orthodox,"Jul 14, 1988"
http://ufcstats.com/fighter-details/029eaff01e6bb8f0,Dustin Poirier,"5' 9""",155 lbs.,"72""",Southpaw,"Jan 19, 1989"
http://ufcstats.com/fighter-details/2cfba6c837c03ed0,Patchy Mix,"5' 11""",135 lbs.,"70""",Southpaw,"Aug 16, 1993"
http://ufcstats.com/fighter-details/745fa7b605f8e2da,Fatima Kline,"5' 6""",115 lbs.,"67""",Orthodox,"Jul 12, 2000"
http://ufcstats.com/fighter-details/eb393afdbe3293d5,Ismael Bonfim,"5' 8""",155 lbs.,"71""",Orthodox,"Dec 28, 1995"
http://ufcstats.com/fighter-details/f1fac969a1d70b08,Leon Edwards,"6' 2""",170 lbs.,"74""",Southpaw,"Aug 25, 1991"
http://ufcstats.com/fighter-details/b67d6bacc68d4c92,Daniel Santos,"5' 7""",145 lbs.,"67""",Orthodox,"Mar 12, 1995"
http://ufcstats.com/fighter-details/5d8006587d6a6711,Isaac Thomson,"5' 10""",145 lbs.,"69""",,"May 03, 2002"
http://ufcstats.com/fighter-details/99df7d0a2a08a8a8,Jan Blachowicz,"6' 2""",205 lbs.,"78""",Orthodox,"Feb 24, 1983"
http://ufcstats.com/fighter-details/a67f5afa8d6a1b80,Ryan Spann,"6' 5""",205 lbs.,"79""",Orthodox,"Aug 24, 1991"
http://ufcstats.com/fighter-details/2997e7fe3c9d3d4a,Wang Cong,"5' 6""",125 lbs.,"66""",Southpaw,"May 15, 1992"
http://ufcstats.com/fighter-details/749f572d1d3161fb,Khalil Rountree Jr.,"6' 1""",205 lbs.,"76""",Southpaw,"Feb 26, 1990"
http://ufcstats.com/fighter-details/4a28cb716c19157a,Stephen Thompson,"6' 0""",170 lbs.,"75""",Orthodox,"Feb 11, 1983"
http://ufcstats.com/fighter-details/866fd7b1a6c90e7f,Dusko Todorovic,"6' 1""",185 lbs.,"74""",Orthodox,"May 19, 1994"
http://ufcstats.com/fighter-details/d33da8a3d82bdb62,Kai Asakura,"5' 8""",125 lbs.,"69""",Orthodox,"Oct 31, 1993"
http://ufcstats.com/fighter-details/bb2c3c3a466224af,Lone'er Kavanagh,"5' 6""",125 lbs.,"67""",Orthodox,"Jun 09, 1999"
http://ufcstats.com/fighter-details/c0ac37a4a1133da9,Marcus McGhee,"5' 8""",135 lbs.,"69""",Orthodox,"May 07, 1990"
http://ufcstats.com/fighter-details/4e30e4250cb08b61,Loma Lookboonmee,"5' 1""",115 lbs.,"61""",Orthodox,"Jan 18, 1996"
http://ufcstats.com/fighter-details/32ab52e5de93092d,Steve Erceg,"5' 8""",125 lbs.,"68""",Orthodox,"Jul 27, 1995"
http://ufcstats.com/fighter-details/d8c7c61b176e3994,Cody Garbrandt,"5' 8""",135 lbs.,"65""",Orthodox,"Jul 07, 1991"
http://ufcstats.com/fighter-details/1ebe20ebbfa15e29,Zhang Weili,"5' 4""",115 lbs.,"63""",Switch,"Aug 13, 1989"
http://ufcstats.com/fighter-details/17e97649403ba428,Joshua Van,"5' 5""",125 lbs.,"65""",Orthodox,"Oct 10, 2001"
http://ufcstats.com/fighter-details/0cd0456d6029cec2,Robert Valentin,"6' 2""",185 lbs.,"77""",Orthodox,"Mar 31, 1995"
http://ufcstats.com/fighter-details/873626e5547b5235,Kyle Prepolec,"5' 10""",155 lbs.,"70""",Southpaw,"Aug 30, 1989"
http://ufcstats.com/fighter-details/323d4ca260dfa0ba,Esteban Ribovics,"5' 10""",155 lbs.,"69""",Orthodox,"Apr 27, 1996"
http://ufcstats.com/fighter-details/23dec7c47cb418f8,Zach Reese,"6' 4""",185 lbs.,"77""",Switch,"Mar 24, 1994"
http://ufcstats.com/fighter-details/30cad5a751adcb48,Alibi Idiris,"5' 6""",125 lbs.,"68""",Orthodox,"Oct 22, 1994"
http://ufcstats.com/fighter-details/e375cb5caf4717b6,Piera Rodriguez,"5' 3""",115 lbs.,"63""",Orthodox,"Nov 11, 1992"
http://ufcstats.com/fighter-details/5b03b61f9d90125e,Morgan Charriere,"5' 8""",145 lbs.,"69""",Orthodox,"Oct 26, 1995"
http://ufcstats.com/fighter-details/8eb046f83e82bf26,Martin Buday,"6' 4""",265 lbs.,"77""",Orthodox,"Nov 11, 1991"
http://ufcstats.com/fighter-details/72db2a14ffa73ece,Mateusz Gamrot,"5' 10""",155 lbs.,"70""",Southpaw,"Dec 11, 1990"
http://ufcstats.com/fighter-details/480779d7f9a424d3,Mairon Santos,"5' 7""",145 lbs.,"72""",Orthodox,"Jun 10, 2000"
http://ufcstats.com/fighter-details/253076a23d03dcd0,Allan Nascimento,"5' 8""",125 lbs.,"69""",Orthodox,"Sep 11, 1991"
http://ufcstats.com/fighter-details/0be6776db31d98ec,Mitch Raposo,"5' 5""",125 lbs.,"64""",Switch,"Oct 16, 1998"
http://ufcstats.com/fighter-details/399afbabc02376b5,Tom Aspinall,"6' 5""",255 lbs.,"78""",Orthodox,"Apr 11, 1993"
http://ufcstats.com/fighter-details/0d65c432720accb9,Michal Oleksiejczuk,"6' 0""",185 lbs.,"74""",Southpaw,"Feb 22, 1995"
http://ufcstats.com/fighter-details/4a07b1988477502c,Seokhyeon Ko,"5' 10""",170 lbs.,"71""",Southpaw,"Sep 24, 1993"
http://ufcstats.com/fighter-details/65adf3856c4d9256,Jafel Filho,"5' 7""",125 lbs.,"68""",Orthodox,"May 05, 1993"
http://ufcstats.com/fighter-details/8ebc3a8da015d70c,Cam Rowston,"6' 3""",185 lbs.,"78""",Orthodox,"Jan 19, 1995"
http://ufcstats.com/fighter-details/a09ed60aa67a3f67,Farid Basharat,"5' 8""",135 lbs.,"71""",Orthodox,"Aug 02, 1997"
http://ufcstats.com/fighter-details/7c7332319c14094c,Marlon Vera,"5' 8""",135 lbs.,"70""",Switch,"Dec 02, 1992"
http://ufcstats.com/fighter-details/a13d755965a4ec9f,Rongzhu,"5' 9""",155 lbs.,"71""",Orthodox,"Mar 07, 2000"
http://ufcstats.com/fighter-details/8d3273573b85be09,Asu Almabayev,"5' 4""",125 lbs.,"65""",Orthodox,"Jan 25, 1994"
http://ufcstats.com/fighter-details/6d48a2df51749d91,Antonio Trocoli,"6' 5""",185 lbs.,"80""",Orthodox,"Dec 06, 1990"
http://ufcstats.com/fighter-details/8d11d9c13e2ccdf7,Muhammad Naimov,"5' 9""",145 lbs.,"70""",Orthodox,"Aug 07, 1994"
http://ufcstats.com/fighter-details/a44020ea2e8cd026,JooSang Yoo,"5' 7""",145 lbs.,"71""",Orthodox,"Jan 21, 1994"
http://ufcstats.com/fighter-details/abcf2cc6efc42031,Iasmin Lucindo,"5' 3""",115 lbs.,"66""",Orthodox,"Jan 08, 2002"
http://ufcstats.com/fighter-details/a93f94c923c3a9cb,Christian Leroy Duncan,"6' 2""",185 lbs.,"79""",Switch,"Jul 24, 1995"
http://ufcstats.com/fighter-details/150ff4cc642270b9,Max Holloway,"5' 11""",155 lbs.,"69""",Orthodox,"Dec 04, 1991"
http://ufcstats.com/fighter-details/bc711b6dd95c1af6,Mario Bautista,"5' 9""",135 lbs.,"69""",Switch,"Jul 01, 1993"
http://ufcstats.com/fighter-details/41cc71cbf210e0fe,Hyder Amil,"5' 9""",145 lbs.,"70""",Switch,"May 28, 1990"
http://ufcstats.com/fighter-details/f0feeb2192937424,Angela Hill,"5' 3""",115 lbs.,"64""",Orthodox,"Jan 12, 1985"
http://ufcstats.com/fighter-details/85497ffd934ecf7e,Jacobe Smith,"5' 10""",170 lbs.,"72""",Southpaw,"Jan 17, 1996"
http://ufcstats.com/fighter-details/52ef95b5860fb28c,Jean Silva,"5' 7""",145 lbs.,"69""",Orthodox,"Dec 27, 1996"
http://ufcstats.com/fighter-details/9c393e836a852f30,Mauricio Ruffy,"5' 11""",155 lbs.,"75""",Orthodox,"Jun 17, 1996"
http://ufcstats.com/fighter-details/98aa60cf58071fd6,Kyoji Horiguchi,"5' 4""",125 lbs.,"63""",Orthodox,"Oct 12, 1990"
http://ufcstats.com/fighter-details/49edd0d90f60fb7d,Brendson Ribeiro,"6' 3""",205 lbs.,"81""",Orthodox,"Sep 08, 1996"
http://ufcstats.com/fighter-details/bc7d1ad49fcb2d08,Jaqueline Amorim,"5' 3""",115 lbs.,"68""",Orthodox,"Jun 24, 1995"
http://ufcstats.com/fighter-details/396fe87b84ac2e1c,Lerone Murphy,"5' 9""",145 lbs.,"73""",Orthodox,"Jul 22, 1991"
http://ufcstats.com/fighter-details/2f181c0467965b98,Brendan Allen,"6' 2""",185 lbs.,"75""",Orthodox,"Dec 28, 1995"
http://ufcstats.com/fighter-details/d2cd7a69cc55e7ed,Austin Hubbard,"5' 10""",155 lbs.,"71""",Orthodox,"Dec 22, 1991"
http://ufcstats.com/fighter-details/07225ba28ae309b6,Charles Oliveira,"5' 10""",155 lbs.,"74""",Orthodox,"Oct 17, 1989"
http://ufcstats.com/fighter-details/c2299ec916bc7c56,Benoit Saint Denis,"5' 11""",155 lbs.,"73""",Southpaw,"Dec 18, 1995"
http://ufcstats.com/fighter-details/7026eca45f65377b,Jared Gordon,"5' 9""",155 lbs.,"68""",Orthodox,"Sep 06, 1988"
http://ufcstats.com/fighter-details/3f11fd1751fa83b1,Yizha,"5' 7""",145 lbs.,"71""",Orthodox,"Jan 08, 1997"
http://ufcstats.com/fighter-details/ed7d329d7c29428d,Colby Thicknesse,"5' 7""",135 lbs.,"69""",Orthodox,"Jun 23, 1999"
http://ufcstats.com/fighter-details/4126a78111c0855a,Caio Borralho,"6' 1""",185 lbs.,"75""",Southpaw,"Jan 16, 1993"
http://ufcstats.com/fighter-details/4a6dff1b260bcf61,Aleksandre Topuria,"5' 7""",135 lbs.,"68""",Orthodox,"Jan 28, 1996"
http://ufcstats.com/fighter-details/b5c19c34f12c917e,Denzel Freeman,"6' 1""",265 lbs.,"77""",Southpaw,"Nov 10, 1991"
http://ufcstats.com/fighter-details/9384e71bca6c409d,Marco Tulio,"6' 0""",185 lbs.,"74""",Orthodox,"Jun 13, 1994"
http://ufcstats.com/fighter-details/fc08099550072fe4,Waldo Cortes Acosta,"6' 4""",260 lbs.,"78""",Orthodox,"Oct 03, 1991"
http://ufcstats.com/fighter-details/71171fc96445bf65,Vitor Petrino,"6' 2""",265 lbs.,"77""",Orthodox,"Aug 28, 1997"
http://ufcstats.com/fighter-details/cb696ebfb6598724,Aljamain Sterling,"5' 7""",145 lbs.,"71""",Orthodox,"Jul 31, 1989"
http://ufcstats.com/fighter-details/59c438c81fbf3ece,Tereza Bleda,"5' 9""",125 lbs.,"71""",Orthodox,"Nov 30, 2001"
http://ufcstats.com/fighter-details/0c6d9ea8306c029e,Brad Tavares,"6' 1""",185 lbs.,"74""",Orthodox,"Dec 21, 1987"
http://ufcstats.com/fighter-details/764d39074a352e33,Thomas Petersen,"6' 1""",264 lbs.,"74""",Southpaw,"Mar 30, 1995"
http://ufcstats.com/fighter-details/ca80d72da81d7224,Michelle Montague,"5' 9""",135 lbs.,"68""",Southpaw,"Nov 25, 1993"
http://ufcstats.com/fighter-details/e94085e821bd81de,Sam Hughes,"5' 5""",115 lbs.,"64""",Orthodox,"Jun 28, 1992"
http://ufcstats.com/fighter-details/2e19380f34871c6a,Dominick Reyes,"6' 4""",205 lbs.,"77""",Southpaw,"Dec 26, 1989"
http://ufcstats.com/fighter-details/4e6738062d469256,Sedriques Dumas,"6' 2""",185 lbs.,"79""",Orthodox,"Aug 06, 1995"
http://ufcstats.com/fighter-details/093e1f5bb73850be,Anthony Hernandez,"6' 0""",185 lbs.,"75""",Orthodox,"Oct 18, 1993"
http://ufcstats.com/fighter-details/83455a9d17f57dae,Rafael Estevam,"5' 8""",125 lbs.,"69""",Orthodox,"Aug 10, 1996"
http://ufcstats.com/fighter-details/881bf86d4cba8578,Nassourdine Imavov,"6' 3""",185 lbs.,"75""",Orthodox,"Mar 01, 1996"
http://ufcstats.com/fighter-details/a2d342ffc83913ed,Nathan Fletcher,"5' 7""",135 lbs.,"70""",Orthodox,"Jan 03, 1998"
http://ufcstats.com/fighter-details/9c27f3217891f3f0,Kris Moutinho,"5' 7""",135 lbs.,"68""",Southpaw,"Aug 09, 1992"
http://ufcstats.com/fighter-details/bf2c8e01b07d3eb1,Myktybek Orolbai,"5' 10""",170 lbs.,"74""",Orthodox,"Feb 10, 1998"
http://ufcstats.com/fighter-details/45f7cb591c3ab00b,Sean Brady,"5' 10""",170 lbs.,"72""",Orthodox,"Nov 23, 1992"
http://ufcstats.com/fighter-details/b7b84ccd221be298,Nasrat Haqparast,"5' 10""",155 lbs.,"72""",Southpaw,"Aug 22, 1995"
http://ufcstats.com/fighter-details/447f9858ae78f921,Muslim Salikhov,"5' 11""",170 lbs.,"70""",Orthodox,"Jun 09, 1984"
http://ufcstats.com/fighter-details/43a59ce3bb40449e,Mizuki,"5' 3""",115 lbs.,"65""",Orthodox,"Aug 19, 1994"
http://ufcstats.com/fighter-details/d6c0cdd7e467c440,Kyle Daukaus,"6' 2""",185 lbs.,"76""",Southpaw,"Feb 27, 1993"
http://ufcstats.com/fighter-details/70e1f8a821b72c8b,Jimmy Crute,"6' 2""",205 lbs.,"74""",Orthodox,"Mar 04, 1996"
http://ufcstats.com/fighter-details/d3df1add9d9a7efb,Derrick Lewis,"6' 3""",260 lbs.,"79""",Orthodox,"Feb 07, 1985"
http://ufcstats.com/fighter-details/850266b3dc4e506e,Daniel Marcos,"5' 7""",135 lbs.,"69""",Orthodox,"Mar 07, 1993"
http://ufcstats.com/fighter-details/6ac9bc2953c47345,Gerald Meerschaert,"6' 1""",185 lbs.,"77""",Southpaw,"Dec 18, 1987"
http://ufcstats.com/fighter-details/6fc506e1099afe20,Luan Lacerda,"5' 7""",135 lbs.,"71""",Orthodox,"Jan 07, 1993"
http://ufcstats.com/fighter-details/6b56e94a59b7b134,Oban Elliott,"6' 0""",170 lbs.,"72""",Orthodox,"Dec 19, 1997"
http://ufcstats.com/fighter-details/cad24459b28592ca,Eryk Anders,"6' 1""",185 lbs.,"75""",Southpaw,"Apr 21, 1987"
http://ufcstats.com/fighter-details/64a50dad704d1d49,Edson Barboza,"5' 11""",155 lbs.,"75""",Orthodox,"Jan 21, 1986"
http://ufcstats.com/fighter-details/2c5f5749569eef66,Tainara Lisboa,"5' 7""",135 lbs.,"67""",Orthodox,"Mar 02, 1991"
http://ufcstats.com/fighter-details/117a06469813e4ef,ChangHo Lee,"5' 8""",135 lbs.,"69""",Orthodox,"May 09, 1994"
http://ufcstats.com/fighter-details/f6ad6a1e4d600e0d,Mason Jones,"5' 10""",155 lbs.,"74""",Orthodox,"Apr 26, 1995"
http://ufcstats.com/fighter-details/c1085e1701b13eca,Joe Pyfer,"6' 2""",185 lbs.,"75""",Orthodox,"Sep 17, 1996"
http://ufcstats.com/fighter-details/709fadb644ee3f51,Diyar Nurgozhay,"6' 2""",205 lbs.,"74""",Southpaw,"Apr 22, 1997"
http://ufcstats.com/fighter-details/87e4a3a5080ee7ce,Elisha Ellison,"6' 0""",238 lbs.,"78""",Orthodox,"Mar 05, 1997"
http://ufcstats.com/fighter-details/329e403448756217,Nathaniel Wood,"5' 6""",145 lbs.,"69""",Orthodox,"May 08, 1993"
http://ufcstats.com/fighter-details/1d2d98ddd05b38fb,Axel Sola,"6' 2""",170 lbs.,"74""",Southpaw,"Sep 17, 1997"
http://ufcstats.com/fighter-details/73a78713bd899f4c,Allen Frye Jr.,"6' 5""",265 lbs.,"80""",Orthodox,"Apr 15, 1998"
http://ufcstats.com/fighter-details/58bbef3770bb2dfc,Joel Alvarez,"6' 3""",155 lbs.,"77""",Orthodox,"Mar 02, 1993"
http://ufcstats.com/fighter-details/327d5f279895110d,Roman Dolidze,"6' 2""",185 lbs.,"76""",Orthodox,"Jul 15, 1988"
http://ufcstats.com/fighter-details/9f5e3c20ce40b344,Klaudia Sygula,"5' 8""",135 lbs.,"69""",Orthodox,"Dec 30, 1998"
http://ufcstats.com/fighter-details/9256f591b30c073e,Felipe Lima,"5' 6""",135 lbs.,"68""",Orthodox,"May 07, 1998"
http://ufcstats.com/fighter-details/36541f1e6c5d4955,Viviane Araujo,"5' 4""",125 lbs.,"68""",Orthodox,"Nov 21, 1986"
http://ufcstats.com/fighter-details/d776b5814f2400b4,Ethyn Ewing,"5' 6""",145 lbs.,"69""",Orthodox,"Feb 16, 1998"
http://ufcstats.com/fighter-details/2f815ed5f8278ba6,Ateba Gautier,"6' 4""",185 lbs.,"81""",Switch,"Apr 10, 2002"
http://ufcstats.com/fighter-details/113df4fde64735c6,Davey Grant,"5' 8""",135 lbs.,"69""",Orthodox,"Dec 18, 1985"
http://ufcstats.com/fighter-details/01c9e4013afce141,Michael Aswell Jr.,"5' 8""",145 lbs.,"69""",Orthodox,"Sep 27, 2000"
http://ufcstats.com/fighter-details/849c5d9979df5357,Mateusz Rebecki,"5' 7""",155 lbs.,"66""",Southpaw,"Oct 03, 1992"
http://ufcstats.com/fighter-details/0859524157a19045,Ty Miller,"6' 2""",170 lbs.,"77""",Orthodox,"Jun 04, 2000"
http://ufcstats.com/fighter-details/3920d0cc288f9b0d,Francisco Prado,"5' 10""",170 lbs.,"69""",Orthodox,"Jun 16, 2002"
http://ufcstats.com/fighter-details/0f3a990526c5e706,Sean Sharaf,"6' 3""",252 lbs.,"77""",Orthodox,"Jul 11, 1993"
http://ufcstats.com/fighter-details/e2be0c1a9b886d92,MarQuel Mederos,"5' 10""",155 lbs.,"69""",Orthodox,"Nov 30, 1996"
http://ufcstats.com/fighter-details/e99eb0ef25885de5,Mitch Ramirez,"5' 11""",155 lbs.,"71""",Orthodox,"Nov 03, 1992"
http://ufcstats.com/fighter-details/f14cf73e51b29254,Sergei Pavlovich,"6' 3""",257 lbs.,"84""",Southpaw,"May 13, 1992"
http://ufcstats.com/fighter-details/b07aed698fba8624,Ikram Aliskerov,"6' 0""",185 lbs.,"76""",Southpaw,"Dec 07, 1992"
http://ufcstats.com/fighter-details/da7f113b5ea39c43,Mohammed Usman,"6' 2""",239 lbs.,"79""",Orthodox,"Apr 01, 1989"
http://ufcstats.com/fighter-details/32c3ee378671a5d9,Austin Vanderford,"5' 11""",170 lbs.,"74""",Orthodox,"Mar 21, 1990"
http://ufcstats.com/fighter-details/b671bdf981ad527d,HyunSung Park,"5' 7""",125 lbs.,"66""",Orthodox,"Nov 04, 1995"
http://ufcstats.com/fighter-details/1b35af4d1529adf6,Stephanie Luciano,"5' 6""",115 lbs.,"65""",Orthodox,"Dec 16, 1999"
http://ufcstats.com/fighter-details/7cec3c4a5e7b6d68,Daniel Frunza,"6' 1""",170 lbs.,"73""",Orthodox,"Apr 13, 1994"
http://ufcstats.com/fighter-details/8667caa0451d245b,Kennedy Nzechukwu,"6' 5""",236 lbs.,"83""",Southpaw,"Jun 13, 1992"
http://ufcstats.com/fighter-details/787bb1f087ccff8a,Ciryl Gane,"6' 4""",247 lbs.,"81""",Orthodox,"Apr 12, 1990"
http://ufcstats.com/fighter-details/511e82663651438d,Michael Johnson,"5' 10""",155 lbs.,"73""",Southpaw,"Jun 04, 1986"
http://ufcstats.com/fighter-details/a845f0735bc67405,Jake Matthews,"5' 11""",170 lbs.,"73""",Orthodox,"Aug 19, 1994"
http://ufcstats.com/fighter-details/4461d7e47375a895,Tatsuro Taira,"5' 7""",125 lbs.,"70""",Orthodox,"Jan 27, 2000"
http://ufcstats.com/fighter-details/d964a59c48381cb6,Danny Silva,"5' 11""",145 lbs.,"70""",Switch,"Jan 30, 1997"
http://ufcstats.com/fighter-details/d9c6f19f958643e9,Bryce Mitchell,"5' 10""",135 lbs.,"70""",Southpaw,"Oct 04, 1994"
http://ufcstats.com/fighter-details/57186c150c645200,Jeka Saragih,"5' 8""",145 lbs.,"69""",Orthodox,"Jan 01, 1995"
http://ufcstats.com/fighter-details/262a7d06203657e6,Alexander Hernandez,"5' 9""",155 lbs.,"72""",Orthodox,"Oct 01, 1992"
http://ufcstats.com/fighter-details/3143bf892608139a,Yana Santos,"5' 6""",135 lbs.,"68""",Orthodox,"Nov 11, 1989"
http://ufcstats.com/fighter-details/c96d9178c9ed9e62,Tim Elliott,"5' 7""",125 lbs.,"66""",Southpaw,"Dec 24, 1986"
http://ufcstats.com/fighter-details/60193e707634e560,Montse Rendon,"5' 8""",135 lbs.,"68""",Orthodox,"Mar 16, 1989"
http://ufcstats.com/fighter-details/729d4bd5a6cd0a97,Lauren Murphy,"5' 5""",125 lbs.,"67""",Orthodox,"Jul 27, 1983"
http://ufcstats.com/fighter-details/8c0580d4fff106c1,Kelvin Gastelum,"5' 9""",185 lbs.,"71""",Southpaw,"Oct 24, 1991"
http://ufcstats.com/fighter-details/103e2e33a60683e1,Irina Alekseeva,"5' 8""",135 lbs.,"67""",Orthodox,"Jun 27, 1990"
http://ufcstats.com/fighter-details/f14f644d41ade29f,Cody Brundage,"6' 0""",185 lbs.,"72""",Orthodox,"May 16, 1994"
http://ufcstats.com/fighter-details/6e15f63b6c2e2c15,Brandon Royval,"5' 9""",125 lbs.,"68""",Southpaw,"Aug 16, 1992"
http://ufcstats.com/fighter-details/7d8435c56043b0ae,Ante Delija,"6' 3""",239 lbs.,"78""",Orthodox,"Aug 07, 1990"
http://ufcstats.com/fighter-details/312f7d7b2b2f7de4,Djorden Santos,"6' 0""",185 lbs.,"75""",Orthodox,"Aug 01, 1997"
http://ufcstats.com/fighter-details/a4dc0f2b95df4cc1,Bekzat Almakhan,"5' 7""",135 lbs.,"68""",Orthodox,"Oct 08, 1997"
http://ufcstats.com/fighter-details/80fa8218c99f9c58,Amanda Nunes,"5' 8""",135 lbs.,"69""",Orthodox,"May 30, 1988"
http://ufcstats.com/fighter-details/9cdd2da1a9104a0b,Macy Chiasson,"5' 11""",135 lbs.,"72""",Orthodox,"Jul 27, 1991"
http://ufcstats.com/fighter-details/e5549c82bfb5582d,Alex Pereira,"6' 4""",205 lbs.,"79""",Orthodox,"Jul 07, 1987"
http://ufcstats.com/fighter-details/6a1901c62ab3870f,Jessica Andrade,"5' 1""",115 lbs.,"62""",Orthodox,"Sep 25, 1991"
http://ufcstats.com/fighter-details/767755fd74662dbf,Khamzat Chimaev,"6' 2""",185 lbs.,"75""",Orthodox,"May 01, 1994"
http://ufcstats.com/fighter-details/a495f599e787614f,Alonzo Menifield,"6' 0""",205 lbs.,"76""",Orthodox,"Oct 18, 1987"
http://ufcstats.com/fighter-details/9014c02eff8b3d62,Carlos Ulberg,"6' 4""",205 lbs.,"77""",Orthodox,"Nov 07, 1990"
http://ufcstats.com/fighter-details/3f4c3bc822bea45d,Melissa Martinez,"5' 2""",115 lbs.,"66""",Southpaw,"Aug 18, 1997"
http://ufcstats.com/fighter-details/9a97acbfd5a08bfa,David Martinez,"5' 5""",135 lbs.,"67""",Orthodox,"Aug 03, 1998"
http://ufcstats.com/fighter-details/887961364be5ceb3,King Green,"5' 10""",155 lbs.,"71""",Orthodox,"Sep 09, 1986"
http://ufcstats.com/fighter-details/2b6fc1c02736833d,Umar Nurmagomedov,"5' 8""",135 lbs.,"69""",Orthodox,"Jan 03, 1996"
http://ufcstats.com/fighter-details/3fa97913cfd205d3,Alessandro Costa,"5' 4""",125 lbs.,"67""",Orthodox,"Jan 28, 1996"
http://ufcstats.com/fighter-details/f29a6350c69f4a33,Miranda Maverick,"5' 3""",125 lbs.,"65""",Southpaw,"Jul 01, 1997"
http://ufcstats.com/fighter-details/5442f1bc4b47eaf3,Chris Curtis,"5' 10""",170 lbs.,"75""",Orthodox,"Jul 15, 1987"
http://ufcstats.com/fighter-details/7d420039bbfe7c1a,Aoriqileng,"5' 7""",135 lbs.,"69""",Orthodox,"Jun 25, 1993"
http://ufcstats.com/fighter-details/2e5c2aa8e4ab9d82,Paulo Costa,"6' 1""",185 lbs.,"72""",Orthodox,"Apr 21, 1991"
http://ufcstats.com/fighter-details/d549cefc7c54ab78,Reinier de Ridder,"6' 4""",185 lbs.,"78""",Southpaw,"Sep 07, 1990"
http://ufcstats.com/fighter-details/b50a426a33da0012,Sean O'Malley,"5' 11""",135 lbs.,"72""",Switch,"Oct 24, 1994"
http://ufcstats.com/fighter-details/f96856f9d69fd7e4,Robert Bryczek,"6' 0""",185 lbs.,"75""",Orthodox,"Jul 04, 1990"
http://ufcstats.com/fighter-details/7447e9f28508106a,Mackenzie Dern,"5' 4""",115 lbs.,"63""",Orthodox,"Mar 24, 1993"
http://ufcstats.com/fighter-details/7dda2cf308f24a02,Virna Jandiroba,"5' 3""",115 lbs.,"64""",Orthodox,"May 30, 1988"
http://ufcstats.com/fighter-details/51e2f44a8dbf6984,Melissa Croden,"5' 9""",135 lbs.,"68""",Orthodox,"Apr 12, 1991"
http://ufcstats.com/fighter-details/739fd4fbb5d862f4,Rizvan Kuniev,"6' 4""",240 lbs.,"76""",Orthodox,"Mar 10, 1992"
http://ufcstats.com/fighter-details/056c493bbd76a918,Henry Cejudo,"5' 4""",135 lbs.,"64""",Orthodox,"Feb 09, 1987"
http://ufcstats.com/fighter-details/e90a2f22417af68e,Azamat Murzakanov,"5' 10""",205 lbs.,"71""",Southpaw,"Apr 12, 1989"
http://ufcstats.com/fighter-details/b1b0729d27936f2f,Belal Muhammad,"5' 11""",170 lbs.,"72""",Orthodox,"Jul 09, 1988"
http://ufcstats.com/fighter-details/a9e260472d321361,Jasmine Jasudavicius,"5' 7""",125 lbs.,"68""",Orthodox,"Mar 01, 1989"
http://ufcstats.com/fighter-details/54f64b5e283b0ce7,Ilia Topuria,"5' 7""",155 lbs.,"69""",Orthodox,"Jan 21, 1997"
http://ufcstats.com/fighter-details/c5ccd878231c5407,Ramon Taveras,"5' 8""",145 lbs.,"70""",Southpaw,"Jan 09, 1994"
http://ufcstats.com/fighter-details/18d01f7f8338ae72,Vinicius Oliveira,"5' 9""",135 lbs.,"70""",Switch,"Nov 30, 1995"
http://ufcstats.com/fighter-details/fb3e61720be4690c,Mike Davis,"6' 0""",155 lbs.,"72""",Orthodox,"Oct 07, 1992"
http://ufcstats.com/fighter-details/02f484417a6fa69d,Uran Satybaldiev,"6' 4""",205 lbs.,"79""",Orthodox,"Aug 10, 1994"
http://ufcstats.com/fighter-details/68d4a891e5cf2029,Tracy Cortez,"5' 5""",125 lbs.,"65""",Orthodox,"Dec 10, 1993"
http://ufcstats.com/fighter-details/a6eb54ae17a551be,Gabriella Fernandes,"5' 6""",125 lbs.,"66""",Southpaw,"Aug 13, 1993"
http://ufcstats.com/fighter-details/6747ccd6d1acd266,Shamil Gaziev,"6' 4""",265 lbs.,"78""",Orthodox,"Feb 10, 1990"
http://ufcstats.com/fighter-details/8e5d953bdb9ae5e7,Loopy Godinez,"5' 2""",115 lbs.,"61""",Orthodox,"Sep 06, 1993"
http://ufcstats.com/fighter-details/d661ce4da776fc20,Petr Yan,"5' 7""",135 lbs.,"67""",Switch,"Feb 11, 1993"
http://ufcstats.com/fighter-details/07a74004d964c7f4,Billy Elekana,"6' 3""",205 lbs.,"77""",Southpaw,"May 28, 1995"
http://ufcstats.com/fighter-details/82a5152216251682,Dan Ige,"5' 7""",145 lbs.,"71""",Orthodox,"Aug 06, 1991"
http://ufcstats.com/fighter-details/06734ca9d88dec3a,Shara Magomedov,"6' 2""",185 lbs.,"73""",Orthodox,"May 16, 1994"
http://ufcstats.com/fighter-details/2dbc60c52de126d8,Harry Hardwick,"5' 8""",155 lbs.,"71""",Switch,"Sep 29, 1994"
http://ufcstats.com/fighter-details/b9f28e7045fdfce7,Raoni Barcelos,"5' 7""",135 lbs.,"67""",Orthodox,"May 01, 1987"
http://ufcstats.com/fighter-details/a01a62132460a98d,Adam Fugitt,"6' 1""",170 lbs.,"77""",Southpaw,"Jan 12, 1989"
http://ufcstats.com/fighter-details/eabf206b162b3b83,Paul Craig,"6' 3""",205 lbs.,"76""",Orthodox,"Nov 27, 1987"
http://ufcstats.com/fighter-details/7d6ceff6747f2de2,Jose Delgado,"5' 11""",145 lbs.,"74""",Switch,"Apr 21, 1998"
http://ufcstats.com/fighter-details/545092d13c67aa49,Alexia Thainara,"5' 4""",115 lbs.,"67""",Orthodox,"Nov 20, 1995"
http://ufcstats.com/fighter-details/b12fb759e02378de,Gilbert Urbina,"6' 3""",170 lbs.,"75""",Orthodox,"Apr 05, 1996"
http://ufcstats.com/fighter-details/e56cee1ad697db04,Steven Asplund,"6' 5""",261 lbs.,"78""",Orthodox,"Jul 16, 1998"
http://ufcstats.com/fighter-details/f1ab6f37492c630a,Carli Judice,"5' 7""",125 lbs.,"68""",Southpaw,"Mar 02, 1999"
http://ufcstats.com/fighter-details/262d32ebda89efc4,Natalia Silva,"5' 4""",125 lbs.,"65""",Southpaw,"Feb 03, 1997"
http://ufcstats.com/fighter-details/4148802ae4a50768,Daniel Zellhuber,"6' 1""",155 lbs.,"77""",Switch,"Jul 07, 1999"
http://ufcstats.com/fighter-details/7f1bf0c255ec8756,Azat Maksum,"5' 7""",125 lbs.,"70""",Southpaw,"Feb 02, 1995"
http://ufcstats.com/fighter-details/b7c5eb7cdbac6a63,Danny Barlow,"6' 2""",185 lbs.,"79""",Southpaw,"Aug 02, 1995"
http://ufcstats.com/fighter-details/de26d906f2874dd4,Saygid Izagakhmaev,"6' 0""",170 lbs.,"74""",,"Sep 03, 1994"
http://ufcstats.com/fighter-details/46e2011d92463b7e,Oumar Sy,"6' 4""",205 lbs.,"83""",Orthodox,"Nov 21, 1995"
http://ufcstats.com/fighter-details/a67d071163962af8,Michael Page,"6' 3""",185 lbs.,"79""",Switch,"Apr 07, 1987"
http://ufcstats.com/fighter-details/af9f42e6894047fc,Jamie Mullarkey,"6' 0""",155 lbs.,"74""",Orthodox,"Aug 17, 1994"
http://ufcstats.com/fighter-details/d35298b6df168456,Talita Alencar,"5' 1""",115 lbs.,"58""",Orthodox,"Oct 17, 1990"
http://ufcstats.com/fighter-details/f166e93d04a8c274,Diego Lopes,"5' 11""",145 lbs.,"72""",Orthodox,"Dec 30, 1994"
http://ufcstats.com/fighter-details/7b3503352cd53abb,Westin Wilson,"6' 1""",145 lbs.,"73""",Southpaw,"Jan 24, 1989"
http://ufcstats.com/fighter-details/669970f7feba8ecd,Erin Blanchfield,"5' 4""",125 lbs.,"66""",Orthodox,"May 04, 1999"
http://ufcstats.com/fighter-details/e00a3dee329a51f7,Jamall Emmers,"5' 10""",145 lbs.,"74""",Orthodox,"Jul 24, 1989"
http://ufcstats.com/fighter-details/5e9ca8dd7d783a75,Alden Coria,"5' 8""",125 lbs.,"67""",Orthodox,"Apr 24, 1998"
http://ufcstats.com/fighter-details/6d4b63c767106d3a,Vicente Luque,"5' 11""",170 lbs.,"75""",Orthodox,"Nov 27, 1991"
http://ufcstats.com/fighter-details/c6aee362c7a7d482,Randy Brown,"6' 3""",170 lbs.,"78""",Orthodox,"Jul 08, 1990"
http://ufcstats.com/fighter-details/8b6e5dc2ba1edbe7,Sam Patterson,"6' 3""",170 lbs.,"78""",Orthodox,"Apr 30, 1996"
http://ufcstats.com/fighter-details/7facc9c45d792985,Kaan Ofli,"5' 7""",145 lbs.,"66""",Orthodox,"Jun 19, 1993"
http://ufcstats.com/fighter-details/8e9eb3fc86db0f7d,Marc-Andre Barriault,"6' 1""",185 lbs.,"74""",Orthodox,"Feb 18, 1990"
http://ufcstats.com/fighter-details/67c1d46f4ed16f9e,Matt Schnell,"5' 8""",125 lbs.,"70""",Orthodox,"Jan 15, 1990"
http://ufcstats.com/fighter-details/285ae0b4a68221f4,JunYong Park,"5' 10""",185 lbs.,"73""",Orthodox,"Feb 27, 1991"
http://ufcstats.com/fighter-details/65f09bacd3957381,Cory Sandhagen,"5' 11""",135 lbs.,"70""",Switch,"Apr 20, 1992"
http://ufcstats.com/fighter-details/1ae8f3c723aacff4,Ricardo Ramos,"5' 9""",145 lbs.,"72""",Orthodox,"Aug 01, 1995"
http://ufcstats.com/fighter-details/3a46b268013afede,Kevin Holland,"6' 3""",170 lbs.,"81""",Orthodox,"Nov 05, 1992"
http://ufcstats.com/fighter-details/d1feea7a4bdcd503,Baisangur Susurkaev,"6' 2""",185 lbs.,"79""",Orthodox,"Jan 08, 2001"
http://ufcstats.com/fighter-details/3df5493bb279226f,Amanda Lemos,"5' 4""",115 lbs.,"65""",Southpaw,"May 22, 1987"
http://ufcstats.com/fighter-details/84b3e7d38f2d2ec5,Neil Magny,"6' 3""",170 lbs.,"80""",Orthodox,"Aug 03, 1987"
http://ufcstats.com/fighter-details/9d19d9e4aa2662e8,Nicolas Dalby,"5' 11""",170 lbs.,"74""",Orthodox,"Nov 16, 1984"
http://ufcstats.com/fighter-details/87f8699fdcc2c404,Alice Ardelean,"5' 3""",115 lbs.,"62""",Orthodox,"Apr 19, 1992"
http://ufcstats.com/fighter-details/7f6ed67d3ed3c036,Cody Durden,"5' 7""",125 lbs.,"67""",Southpaw,"Mar 29, 1991"
http://ufcstats.com/fighter-details/1af1170ed937cba7,Kayla Harrison,"5' 8""",135 lbs.,"66""",Southpaw,"Jul 02, 1990"
http://ufcstats.com/fighter-details/d3f5d33d61cd00c9,Norma Dumont,"5' 7""",135 lbs.,"67""",Orthodox,"Oct 01, 1990"
http://ufcstats.com/fighter-details/c68c68efaa5ca6ef,Chidi Njokuani,"6' 3""",170 lbs.,"80""",Orthodox,"Dec 31, 1988"
http://ufcstats.com/fighter-details/8fd808923cffff82,Andre Fili,"5' 11""",145 lbs.,"74""",Orthodox,"Jun 25, 1990"
http://ufcstats.com/fighter-details/5444c5a201d3ee5a,Jamahal Hill,"6' 4""",205 lbs.,"79""",Southpaw,"May 19, 1991"
http://ufcstats.com/fighter-details/40f3cb27fc7305a1,Themba Gorimbo,"6' 1""",170 lbs.,"77""",Orthodox,"Jan 23, 1991"
http://ufcstats.com/fighter-details/7cbf7c78d3b34218,Drakkar Klose,"5' 9""",155 lbs.,"70""",Orthodox,"Mar 09, 1988"
http://ufcstats.com/fighter-details/de594b35c45c2e9a,Eduarda Moura,"5' 6""",125 lbs.,"67""",Orthodox,"Feb 28, 1994"
http://ufcstats.com/fighter-details/791c8437b341fba5,Joanderson Brito,"5' 8""",145 lbs.,"72""",Orthodox,"Feb 11, 1995"
http://ufcstats.com/fighter-details/1e4f273069fb9e85,Fares Ziam,"6' 1""",155 lbs.,"75""",Orthodox,"Mar 21, 1997"
http://ufcstats.com/fighter-details/b0d6a1d8ac3d563d,Max Griffin,"5' 11""",170 lbs.,"76""",Orthodox,"Nov 29, 1985"
http://ufcstats.com/fighter-details/1497e735d9f2560a,Ange Loosa,"5' 10""",170 lbs.,"74""",Orthodox,"Mar 18, 1993"
http://ufcstats.com/fighter-details/710f0f8c5d5c9d41,Lucas Almeida,"5' 11""",145 lbs.,"71""",Orthodox,"Jan 31, 1991"
http://ufcstats.com/fighter-details/cffb87059e645bd1,Denise Gomes,"5' 2""",115 lbs.,"63""",Orthodox,"Dec 30, 1999"
http://ufcstats.com/fighter-details/5f61780fe5e9b6d0,Andre Petroski,"6' 0""",185 lbs.,"73""",Switch,"Jun 12, 1991"
http://ufcstats.com/fighter-details/d0fd0d9ee560dae7,Brando Pericic,"6' 5""",245 lbs.,"79""",Orthodox,"Aug 03, 1994"
http://ufcstats.com/fighter-details/751de04455cfaac0,Calvin Kattar,"5' 11""",145 lbs.,"72""",Orthodox,"Mar 26, 1988"
http://ufcstats.com/fighter-details/294aa73dbf37d281,Bruno Silva,"5' 4""",125 lbs.,"65""",Orthodox,"Mar 16, 1990"
http://ufcstats.com/fighter-details/723b64c0e9a8f348,Josias Musasa,"5' 8""",135 lbs.,"74""",Southpaw,"Oct 10, 1998"
http://ufcstats.com/fighter-details/8bd4200561c77a62,Ketlen Souza,"5' 3""",115 lbs.,"63""",Orthodox,"Aug 18, 1994"
http://ufcstats.com/fighter-details/f00ac08ab056af5d,Tagir Ulanbekov,"5' 7""",125 lbs.,"70""",Southpaw,"Aug 07, 1991"
http://ufcstats.com/fighter-details/b2a78df161bd67f9,Gauge Young,"5' 9""",155 lbs.,"70""",Orthodox,"Jul 14, 2000"
http://ufcstats.com/fighter-details/4144798612ef96e5,Edmen Shahbazyan,"6' 2""",185 lbs.,"75""",Orthodox,"Nov 20, 1997"
http://ufcstats.com/fighter-details/37f560436d745c18,Nikolas Motta,"5' 9""",155 lbs.,"70""",Orthodox,"Feb 08, 1993"
http://ufcstats.com/fighter-details/7e9b36a9847db116,Kevin Christian,"6' 7""",205 lbs.,"80""",Orthodox,"Jan 21, 1995"
http://ufcstats.com/fighter-details/ff62013d2fce6d13,Nazim Sadykhov,"5' 10""",155 lbs.,"69""",Southpaw,"May 16, 1994"
http://ufcstats.com/fighter-details/64b12fe31be7560c,Eric Nolan,"6' 2""",185 lbs.,"74""",Orthodox,"Sep 13, 1997"
http://ufcstats.com/fighter-details/6a311920edd73c85,Max Gimenis,"6' 2""",256 lbs.,"75""",Orthodox,"Apr 14, 1993"
http://ufcstats.com/fighter-details/c739c2995a275314,Yanal Ashmouz,"5' 9""",155 lbs.,"69""",Orthodox,"Mar 31, 1995"
http://ufcstats.com/fighter-details/dd6103dd7127db1d,Mike Malott,"6' 1""",170 lbs.,"73""",Orthodox,"Nov 07, 1991"
http://ufcstats.com/fighter-details/3bc3f60b21cddc6a,Azamat Bekoev,"6' 0""",185 lbs.,"72""",Orthodox,"Dec 30, 1995"
http://ufcstats.com/fighter-details/52b6bf4528130e86,Shem Rock,"5' 11""",155 lbs.,"73""",Southpaw,"Nov 05, 1993"
http://ufcstats.com/fighter-details/7acbb0972e75281a,Marvin Vettori,"6' 0""",185 lbs.,"74""",Southpaw,"Sep 20, 1993"
